Page Path,Description
"/","CODE3 delivers IT infrastructure, cybersecurity, managed IT, cloud, AV, and digital solutions that help businesses across Dubai & UAE grow securely."
"/about-us","Learn how CODE3 delivers IT infrastructure, cybersecurity, cloud, AV, and digital solutions to businesses across the UAE."
"/blogs","Explore expert blogs on IT support, cybersecurity, cloud, AV, and digital solutions to help businesses across Dubai and the UAE grow securely."
"/careers","Join CODE3 and build the future. We value people across Dubai and the UAE who push boundaries and create impactful IT, security, and digital solutions."
"/cctv-surveillance","Know what's happening on your premises, day or night. We design CCTV systems for Dubai and UAE properties built around how you need to monitor."
"/cloud-backup-and-disaster-recovery","One bad day doesn't have to mean lost data. We combine cloud backup and disaster recovery so Dubai and UAE businesses can bounce back fast."
"/cloud-migration-and-hosting","Ready to move to the cloud? We plan and execute migrations for Dubai and UAE businesses that minimize downtime and maximize peace of mind."
"/compliance-solutions","Staying compliant shouldn't be a guessing game. We help Dubai and UAE businesses meet regulatory requirements with IT systems built for accountability."
"/contact","Contact CODE3 Technologies for managed IT, cybersecurity, cloud, AV, ICT & ELV, and digital solutions across Dubai and the UAE."
"/desktop-as-a-service-daas","Give your team a secure desktop they can access from anywhere, without buying and maintaining hardware, across Dubai and the UAE."
"/industries-we-serve","Discover tailored IT infrastructure, cybersecurity, cloud, and managed IT solutions for businesses across multiple industries in the UAE."
"/it-consulting-and-advisory","Not sure where to start with your IT strategy? We help Dubai and UAE businesses plan a path forward that actually fits their business and budget."
"/it-relocation-and-office-setup","Moving offices in Dubai or the UAE? We move your IT too, so your team can start working from day one without missing a beat."
"/microsoft-365-and-collaboration-tools","Get more out of Microsoft 365 without the learning curve. We set up and support the tools Dubai and UAE teams already have, so collaboration just works."
"/next-gen-firewalls","Basic firewalls miss modern threats. We deploy next-gen firewalls for Dubai and UAE businesses that actually keep up with how attacks work today."
"/preventive-maintenance-and-system-health-checks","No one likes surprise downtime. Our preventive maintenance program for Dubai and UAE businesses catches small issues before they become expensive."
"/remote-on-site-it-support","Need help fast, or prefer someone on-site? We offer both, so Dubai and UAE businesses get IT support in the way that works for them."
"/service/access-control-and-bio-metric-attendance-system-dubai-uae","Know exactly who's coming and going, with access control and biometric systems built for security and accountability across Dubai and the UAE."
"/service/administrator-training-dubai-uae","Give your IT team the confidence to manage new systems themselves, with hands-on administrator training in Dubai and across the UAE."
"/service/adobe-licensing-dubai-uae","Get your creative team the right Adobe tools, licensed properly and managed without the hassle, for businesses across Dubai and the UAE."
"/service/ai-cameras-dubai-uae","See more than just footage. Our AI cameras spot what matters, from unusual activity to specific people or vehicles, across Dubai and the UAE."
"/service/anpr-systems-dubai-uae","Track vehicles entering and leaving automatically, with number plate recognition built for security and access control across Dubai and the UAE."
"/service/anti-spoofing-and-impersonation-solution-dubai-uae","Impersonation attacks are getting harder to spot. We help Dubai and UAE businesses catch fake senders and spoofed domains before their team does."
"/service/antivirus-licensing-dubai-uae","Protect every device on your network with antivirus licensing that's easy to manage, for businesses across Dubai and the UAE."
"/service/audio-visual-av-solutions-dubai-uae","First impressions matter in every meeting room. We design AV experiences for Dubai and UAE businesses that just work, so your team can focus."
"/service/auditorium-solutions-dubai-uae","Big spaces need AV that can keep up. We design auditorium systems for Dubai and UAE venues built for clear sound and sharp visuals at scale."
"/service/av-consultation-dubai-uae","Not sure what AV setup you need? Our Dubai-based consultants assess your space and recommend a system that actually fits how you work."
"/service/av-design-services-dubai-uae","Great AV starts with great design. We plan every system around your Dubai or UAE space, so the technology disappears and just works."
"/service/av-programming-dubai-uae","Complex AV systems should feel simple to use. We program equipment across Dubai and the UAE so one touch does exactly what it's supposed to."
"/service/aws-cloud-dubai-uae","Get more from AWS without the complexity. We manage cloud infrastructure for Dubai and UAE businesses so you can focus on yours."
"/service/background-music-dubai-uae","Set the right mood, everywhere. Our background music systems let Dubai and UAE businesses control the atmosphere across their entire space."
"/service/backup-and-business-continuity-dubai-uae","One bad day shouldn't cost you your data. We help Dubai and UAE businesses back up, recover, and bounce back fast, whatever happens."
"/service/boardroom-solutions-dubai-uae","Your boardroom is where big decisions happen. We build AV setups for Dubai and UAE offices that keep presentations and calls running smoothly."
"/service/brand-identity-and-design-dubai-uae","Your brand should look as good as your work. We create identities and design systems for Dubai and UAE businesses that make the right first impression."
"/service/business-continuity-dubai-uae","One bad day shouldn't take down your whole business. We help Dubai and UAE businesses plan for the unexpected, so you can keep running."
"/service/business-laptops-dubai-uae","Give your team laptops built for work, not just browsing. We source, configure, and support fleets for Dubai and UAE businesses."
"/service/call-center-solutions-dubai-uae","Give your team the tools to handle calls efficiently, with call center solutions built around how Dubai and UAE businesses actually work."
"/service/call-recording-and-ivr-dubai-uae","Keep a record of every call and route customers to the right place automatically, with recording and IVR built for Dubai and UAE businesses."
"/service/casting-solutions-dubai-uae","Share your screen in seconds, no cables required. Our wireless casting solutions make presenting effortless for Dubai and UAE offices."
"/service/cat6cat6a-cabling-dubai-uae","Good cabling is invisible when it's done right. We install Cat6 and Cat6A cabling built to support Dubai and UAE networks for years."
"/service/cctv-installations-dubai-uae","See what's happening on your premises, day or night, with CCTV systems for Dubai and UAE properties designed around how you need to monitor."
"/service/cisco-video-conferencing-devices-dubai-uae","Cisco's video conferencing hardware, matched to your space and set up right the first time, so meetings just work across Dubai and the UAE."
"/service/cloud-and-microsoft-solutions-dubai-uae","Move to the cloud with confidence. We help Dubai and UAE businesses get the most out of Microsoft 365, Azure, and AWS, without the guesswork or downtime."
"/service/cloud-and-network-security-dubai-uae","Your cloud and network are only as strong as their weakest point. We find and fix those gaps for Dubai and UAE businesses before attackers do."
"/service/cloud-backup-dubai-uae","Your data deserves better than hoping nothing goes wrong. We set up cloud backups that protect Dubai and UAE businesses automatically, every day."
"/service/cloud-backup-solutions-dubai-uae","Your data deserves better than hoping nothing goes wrong. We set up cloud backups that protect Dubai and UAE businesses automatically."
"/service/cloud-migration-dubai-uae","Ready to move to the cloud? We plan migrations for Dubai and UAE businesses that minimize disruption and get you there without the guesswork."
"/service/cloud-pbx-dubai-uae","Run your business phone system from anywhere with a cloud PBX built for Dubai and UAE businesses that's flexible, reliable, and easy to scale."
"/service/cloud-readiness-assessment-dubai-uae","Thinking about the cloud? We assess whether your Dubai or UAE business is ready and map out the smartest way to get there."
"/service/cloud-security-dubai-uae","Moving to the cloud shouldn't mean less control over your data. We secure the cloud environments of Dubai and UAE businesses from day one."
"/service/collaboration-displays-dubai-uae","Make hybrid meetings feel less hybrid, with collaboration displays for Dubai and UAE offices that bring remote and in-room teams together."
"/service/commissioning-dubai-uae","Before we hand anything over, we test it. Our commissioning process for Dubai and UAE projects makes sure every system works exactly as it should."
"/service/conference-phones-dubai-uae","Make sure everyone can hear and be heard. We supply and set up conference phones built for real meeting rooms across Dubai and the UAE."
"/service/configuration-dubai-uae","New hardware or software is only as good as its setup. We configure systems across Dubai and the UAE to run exactly the way they should."
"/service/contact-center-solutions-dubai-uae","Deliver consistent customer service across every channel, with contact center solutions built for Dubai and UAE businesses."
"/service/cyber-security-dubai-uae","Cyber threats don't wait, and neither should you. We protect Dubai and UAE businesses with practical, real-world cybersecurity, not empty checklists."
"/service/data-center-cabling-dubai-uae","Data centers demand precision. We install cabling across Dubai and the UAE that keeps critical infrastructure running without a hitch."
"/service/data-loss-prevention-dlp-dubai-uae","Stop sensitive data from leaving your business by accident or on purpose, with DLP built for Dubai and UAE businesses that flags risky activity."
"/service/data-recovery-dubai-uae","A crashed drive or corrupted file doesn't have to mean lost work. Our Dubai-based data recovery specialists get it back, fast."
"/service/data-recovery-services-dubai-uae","Lost files, a failed drive, or a corrupted system don't have to mean lost data. Our Dubai-based recovery specialists work fast to get it back."
"/service/desktop--endpoint-management-dubai-uae","Every laptop and PC in your office, kept updated, secure, and running the way it should, for Dubai and UAE businesses, without your team lifting a finger."
"/service/desktop-computers-dubai-uae","Equip your team with desktops that keep up with real work, sourced, set up, and supported by a team that knows Dubai and UAE business IT."
"/service/digital-signage-dubai-uae","Get your message seen. We install digital signage for Dubai and UAE businesses that's easy to update and looks sharp in any lobby or storefront."
"/service/digital-transformation-dubai-uae","Modernizing your business shouldn't mean disrupting it. We guide digital transformation for Dubai and UAE businesses that happens on your terms."
"/service/disaster-recovery-dubai-uae","Hope isn't a recovery plan. We build disaster recovery strategies that get Dubai and UAE businesses back online fast, whatever goes wrong."
"/service/disaster-recovery-planning-dubai-uae","Hope isn't a recovery plan. We help Dubai and UAE businesses build one, so operations can get back online quickly when it matters most."
"/service/documentation-dubai-uae","Don't let critical IT knowledge live in one person's head. We document systems clearly for Dubai and UAE businesses, so anyone can pick it up."
"/service/email-security-dubai-uae","Phishing emails are getting more convincing. Our email security stops the fakes before they reach the inbox of Dubai and UAE businesses."
"/service/employee-monitoring-dubai-uae","Understand how your team works and where risks might be hiding, with monitoring for Dubai and UAE businesses that respects privacy while protecting yours."
"/service/endpoint-security-dubai-uae","Every laptop and device is a potential entry point. We protect them all for Dubai and UAE businesses, so one weak link can't compromise everything."
"/service/enterprise-wi-fi-dubai-uae","Dead zones and dropped connections shouldn't be part of your workday. We design Wi-Fi that actually covers Dubai and UAE offices."
"/service/environmental-monitoring-dubai-uae","Protect your servers from the things you can't see. We monitor temperature, humidity, and power for Dubai and UAE businesses so problems get caught early."
"/service/fiber-optic-cabling-dubai-uae","Need speed and distance? We install fiber optic cabling across Dubai and the UAE, built for the demands of a growing business."
"/service/firewalls-dubai-uae","Your first line of defense matters. We supply and configure firewalls for Dubai and UAE businesses that keep threats out without slowing your team down."
"/service/gate-barrier-and-automations-dubai-uae","Control who enters your property automatically, with gate and barrier systems built for security and convenience across Dubai and the UAE."
"/service/google-cloud-dubai-uae","Running on Google Cloud in Dubai or the UAE? We help you set it up, secure it, and keep it running the way your business needs."
"/service/hardware-and-software-services-dubai-uae","The right hardware and software make everyday work easier. We source, license, and set up the tools your business relies on, across Dubai and the wider UAE."
"/service/hybrid-backup-dubai-uae","Get the best of both worlds. We combine local and cloud backup so Dubai and UAE businesses' data is protected and recoverable, fast."
"/service/hyper-v-dubai-uae","Consolidate your servers and cut costs with Hyper-V virtualization, deployed and supported the right way across Dubai and the UAE."
"/service/infrastructure-assessment-dubai-uae","Not sure how healthy your IT setup really is? We assess infrastructure for Dubai and UAE businesses and show exactly where to improve."
"/service/installation-dubai-uae","From servers to networking, we install IT systems correctly the first time, across Dubai and the UAE, so you're not troubleshooting later."
"/service/intelligent-threat-detection-dubai-uae","The sooner you spot a threat, the less damage it does. Our detection systems flag suspicious activity across Dubai and UAE networks before it becomes a breach."
"/service/interactive-displays-dubai-uae","Turn any wall into a collaboration space. Our interactive displays make presentations and lessons more engaging in Dubai and UAE offices and classrooms."
"/service/intercom-systems-dubai-uae","See and speak to visitors before you let them in, with intercom systems built for homes, offices, and buildings across Dubai and the UAE."
"/service/internet-load-balancing-dubai-uae","Don't let one connection be a single point of failure. We balance internet across multiple lines for Dubai and UAE businesses."
"/service/ip-telephony-dubai-uae","Clear calls, wherever your team is working from. We set up IP telephony systems built for how modern Dubai and UAE teams communicate."
"/service/it-amc-dubai-uae","Prevent problems before they happen. Our annual maintenance contracts keep Dubai and UAE IT systems healthy with regular, proactive care."
"/service/it-asset-management-dubai-uae","Know exactly what IT equipment you have, where it is, and when it needs replacing. We track it all for Dubai and UAE businesses so nothing falls through."
"/service/it-consulting-dubai-uae","Big IT decisions deserve expert input. We help Dubai and UAE businesses plan a technology strategy that actually fits where they're headed."
"/service/it-infrastructure-service-dubai-uae","A strong IT foundation makes everything else possible. We build and support the servers, storage, and infrastructure Dubai and UAE businesses run on."
"/service/it-outsourcing-dubai-uae","Skip the cost of building an in-house IT team. Outsource to CODE3 and get expert support wherever your Dubai or UAE business needs it."
"/service/it-relocation-dubai-uae","Moving offices in Dubai or the UAE? We handle the IT relocation from start to finish, so your systems run the moment you walk through the new door."
"/service/jabra-video-conferencing-devices-dubai-uae","Clear audio and video for every call, powered by Jabra. We help Dubai and UAE businesses choose and install the right devices for their rooms."
"/service/knowledge-transfer-dubai-uae","When a project wraps up, the knowledge shouldn't leave with us. We make sure Dubai and UAE teams understand exactly what was built."
"/service/lan-and-wan-dubai-uae","Your network is the foundation everything else runs on. We design LAN and WAN infrastructure built to grow with Dubai and UAE businesses."
"/service/local-backup-dubai-uae","Need your data back fast? Local backups get Dubai and UAE businesses there quickly, without waiting on an internet connection."
"/service/logitech-video-conferencing-devices-dubai-uae","Logitech video conferencing gear that's simple to use and reliable to run, fitted to spaces of every size across Dubai and the UAE."
"/service/managed-it-service-dubai-uae","IT problems shouldn't keep you up at night. Our managed IT team keeps Dubai and UAE businesses running with proactive support and round-the-clock care."
"/service/managed-security-services-dubai-uae","Round-the-clock security shouldn't require a full in-house team. We monitor and respond to threats so Dubai and UAE businesses don't have to."
"/service/manual-retractable-monitor-solutions-dubai-uae","Keep displays out of sight until you need them. Our retractable monitor solutions blend into any Dubai or UAE space and rise up on command."
"/service/meeting-room-scheduling-dubai-uae","No more double-booked meeting rooms. Our scheduling displays show availability at a glance, right outside the door, in Dubai and UAE offices."
"/service/meeting-room-solutions-dubai-uae","From huddle spaces to large conference rooms, we design AV setups for Dubai and UAE offices that make every meeting easier to run."
"/service/microsoft-365-dubai-uae","Get the most out of Microsoft 365, from setup to security, without needing an in-house IT team, for businesses across Dubai and the UAE."
"/service/microsoft-365-migration-dubai-uae","Moving to Microsoft 365 doesn't have to mean lost emails or downtime. We migrate Dubai and UAE businesses carefully, start to finish."
"/service/microsoft-azure-dubai-uae","Build, host, and scale on Azure with a Dubai-based team that handles the setup, security, and ongoing management for you."
"/service/microsoft-copilot-dubai-uae","Curious what AI can actually do for your team? We help Dubai and UAE businesses roll out Microsoft Copilot the right way, with real results."
"/service/microsoft-licensing-dubai-uae","Stop guessing which Microsoft license you need. We help Dubai and UAE businesses choose and manage the right plan for them."
"/service/microsoft-sharepoint-dubai-uae","Stop losing files in email threads. We set up SharePoint so Dubai and UAE teams can actually find and share what they need."
"/service/migration-dubai-uae","Switching systems doesn't have to mean downtime. We plan and execute migrations that keep Dubai and UAE businesses running."
"/service/mobile-app-development-dubai-uae","Have an app idea? We build mobile apps for Dubai and UAE businesses that are fast, reliable, and built around what your users actually need."
"/service/mobile-device-management-dubai-uae","Keep every phone and tablet that touches your business secure, updated, and under control, for Dubai and UAE businesses of any size."
"/service/multi-room-audio-dubai-uae","Play what you want, where you want it. Our multi-room audio systems give every space in your Dubai or UAE property its own sound."
"/service/nas-storage-dubai-uae","Centralize your files and back them up automatically, with NAS storage built for how Dubai and UAE teams actually work day to day."
"/service/network-cabinets-dubai-uae","Keep your network hardware organized, secure, and easy to maintain with cabinets built for the job, supplied to Dubai and UAE businesses."
"/service/network-infrastructure-dubai-uae","Your network is the backbone of your business. We build fast, reliable connectivity for Dubai and UAE offices, keeping every device and person online."
"/service/network-monitoring-dubai-uae","Know about network problems before your team does. We monitor infrastructure for Dubai and UAE businesses around the clock so issues get caught early."
"/service/network-optimization-dubai-uae","Slow network eating into your team's day? We find the bottlenecks and tune networks across Dubai and the UAE to run the way they should."
"/service/network-rack-installation-dubai-uae","Keep your network hardware organized and accessible with rack installations done right the first time, for Dubai and UAE businesses."
"/service/new-office-it-setup-dubai-uae","Opening a new office in Dubai or the UAE shouldn't mean weeks of IT headaches. We set up your network and systems so day one runs smoothly."
"/service/on-call-it-support-dubai-uae","When something breaks, you need help now, not next week. Our Dubai-based on-call team is ready around the clock for exactly that."
"/service/pam-pim-solutions-dubai-uae","Not everyone needs access to everything. We help Dubai and UAE businesses control and monitor who can reach their most sensitive systems."
"/service/poly-video-conferencing-devices-dubai-uae","Poly gear built for how your team actually meets, from quick huddles to full boardrooms. We help Dubai and UAE businesses pick the right setup."
"/service/printers-dubai-uae","Printing shouldn't be a daily headache. We supply and support printers across Dubai and the UAE that just work, when your team needs them to."
"/service/professional-services-dubai-uae","Big IT projects deserve careful hands. Our Dubai-based team plans and delivers technology changes across the UAE carefully, without disrupting how you work."
"/service/projectors-dubai-uae","From small meeting rooms to auditoriums, we install and calibrate projectors for Dubai and UAE venues that deliver a sharp, reliable picture."
"/service/public-addresspa-solutions-dubai-uae","Make sure your message reaches every corner of the building with a PA system for Dubai and UAE properties that's clear and dependable."
"/service/ransom-recovery-dubai-uae","Hit by ransomware? We help Dubai and UAE businesses recover their data and get back to work without paying the attackers."
"/service/remote-support-dubai-uae","Most IT issues can be fixed without anyone stepping into your office. Our remote support team resolves problems fast, anywhere in Dubai or the UAE."
"/service/routers-dubai-uae","Your network starts with the right router. We help Dubai and UAE businesses choose and configure hardware built for real business traffic."
"/service/san-storage-dubai-uae","When performance and reliability really matter, we design SAN storage for Dubai and UAE businesses built for demanding workloads."
"/service/sase-solution-dubai-uae","Secure access shouldn't slow your team down. Our SASE solutions protect Dubai and UAE users and data no matter where they're working from."
"/service/secure-email-smime-dubai-uae","Email is still the top way businesses get breached. We help Dubai and UAE companies lock it down with encryption that keeps messages private."
"/service/security--surveillance-solutions-dubai-uae","Peace of mind starts with knowing your premises are protected. We design CCTV, access control, and surveillance systems for Dubai and UAE businesses."
"/service/security-assessment-dubai-uae","Find out where you're exposed before an attacker does. Our security assessments show Dubai and UAE businesses exactly what needs fixing."
"/service/security-consultation-dubai-uae","Not sure where your security gaps are? Our Dubai-based consultants assess your setup and tell you exactly what to fix first."
"/service/security-operations-center-soc-dubai-uae","Threats don't keep business hours. Our SOC watches Dubai and UAE business environments around the clock, so nothing slips through unnoticed."
"/service/seo-dubai-uae","Want to be found before your competitors are? We build SEO strategies for Dubai and UAE businesses that bring the right visitors, not just more of them."
"/service/server-dubai-uae","The right server changes everything. We help Dubai and UAE businesses choose, deploy, and support hardware that keeps operations running."
"/service/server-installation-dubai-uae","New server day shouldn't mean a day of downtime. We install and configure servers correctly, the first time, across Dubai and the UAE."
"/service/server-licensing-dubai-uae","Running Windows Server in Dubai or the UAE? We help you license it correctly, so you're covered and compliant from day one."
"/service/server-rack-installation-dubai-uae","Keep your servers organized, cooled, and accessible with rack installations built around your space, for businesses across Dubai and the UAE."
"/service/siem-solution-dubai-uae","See everything happening across your network in one place, with SIEM solutions for Dubai and UAE businesses that make threats easier to spot."
"/service/site-survey-dubai-uae","Get it right before you build. Our site surveys map out exactly what your Dubai or UAE space needs before any installation begins."
"/service/smart-building-solutions-dubai-uae","Turn your building into a smart one. We integrate lighting, AV, and access systems for Dubai and UAE properties so everything works together."
"/service/smart-classroom-solutions-dubai-uae","Modern learning needs modern tools. We equip Dubai and UAE classrooms with interactive displays and audio that keep students engaged."
"/service/soar-solution-dubai-uae","Stop chasing every security alert manually. Our SOAR solutions automate the response for Dubai and UAE businesses, so real threats get handled fast."
"/service/solution-design-dubai-uae","Every business is different. We design IT solutions for Dubai and UAE businesses built around how they actually work, not a generic template."
"/service/speaker-system-dubai-uae","Good sound shouldn't be an afterthought. We design and install speaker systems built for the space they're in, across Dubai and the UAE."
"/service/switches-dubai-uae","Reliable connections start with reliable switches. We supply and configure network hardware for Dubai and UAE businesses that just keeps working."
"/service/ui-ux-design-dubai-uae","Good design isn't just how it looks, it's how it works. We design digital products for Dubai and UAE businesses that people actually enjoy using."
"/service/unified-communication-dubai-uae","Great teams need to talk easily, wherever they're working from. We connect calls, meetings, and customer conversations for Dubai and UAE businesses."
"/service/ups-systems-dubai-uae","A power outage shouldn't mean lost work. We install UPS systems that keep critical equipment running through the gap, across Dubai and the UAE."
"/service/user-training-dubai-uae","New tools only help if your team knows how to use them. We train staff across Dubai and the UAE so new systems actually get adopted."
"/service/video-conferencing-solutions-dubai-uae","Make every video call feel like everyone's in the same room, with conferencing systems for Dubai and UAE offices that are simple to use."
"/service/video-walls-dubai-uae","Make a statement in your Dubai or UAE lobby or control room with a video wall built to impress, built to last, and built around your space."
"/service/virtual-machines-dubai-uae","Run more, spend less. We set up virtual machines for Dubai and UAE businesses that make the most of your existing hardware."
"/service/visitor-management-system-dubai-uae","Know who's on your premises at all times, with visitor management systems built for Dubai and UAE offices that keep records automatically."
"/service/vmware-dubai-uae","Get more out of your hardware with VMware virtualization, set up and managed by a team that knows it inside out across Dubai and the UAE."
"/service/voip-solutions-dubai-uae","Cut your phone costs without cutting call quality. We design VoIP systems for Dubai and UAE businesses that are reliable and easy to manage."
"/service/vpn-dubai-uae","Let your team work securely from anywhere, with VPN solutions for Dubai and UAE businesses that protect data without slowing anyone down."
"/service/vulnerability-assessment-and-penetration-testing-dubai-uae","Find your weaknesses before someone else does. Our Dubai-based testing team probes your systems the way a real attacker would."
"/service/web-application-firewall-waf-dubai-uae","Your web applications are a target. Our WAF solutions filter out malicious traffic before it reaches Dubai and UAE business systems."
"/service/web-development-dubai-uae","Your website should work as hard as you do. We build fast, reliable sites for Dubai and UAE businesses that turn visitors into paying customers."
"/service/windows-licensing-dubai-uae","Stay compliant and up to date with genuine Windows licensing, sourced and managed the right way for Dubai and UAE businesses."
"/service/wireless-access-points-dubai-uae","Weak Wi-Fi shouldn't hold your business back. We design and install access points that cover every corner of your Dubai or UAE space."
"/service/workstations-dubai-uae","Demanding work needs serious hardware. We supply and set up workstations for Dubai and UAE teams built for the jobs they actually do."
"/service/yealink-video-conferencing-devices-dubai-uae","Dependable video conferencing hardware from Yealink, chosen and installed to match how meetings happen in Dubai and UAE offices."
"/structured-cabling-and-networking","Good networks start with good cabling. We design and install the structured cabling Dubai and UAE businesses will rely on for years."
"/technology-partners","CODE3 Technologies partners with 40+ leading technology brands across IT, cybersecurity, and audio-visual solutions. Explore our certified partnerships in Dubai, UAE."