Page Path,Keywords
/poly-video-conferencing-devices-dubai-uae,"Poly Video Conferencing Devices, Poly Video Conferencing Devices Dubai, Poly Video Conferencing Devices UAE, Poly Video Conferencing Devices Dubai UAE, Best Poly Video Conferencing Devices Company in Dubai"
/cisco-video-conferencing-devices-dubai-uae,"Cisco Video Conferencing Devices, Cisco Video Conferencing Devices Dubai, Cisco Video Conferencing Devices UAE, Cisco Video Conferencing Devices Dubai UAE, Best Cisco Video Conferencing Devices Company in Dubai"
/jabra-video-conferencing-devices-dubai-uae,"Jabra Video Conferencing Devices, Jabra Video Conferencing Devices Dubai, Jabra Video Conferencing Devices UAE, Jabra Video Conferencing Devices Dubai UAE, Best Jabra Video Conferencing Devices Company in Dubai"
/logitech-video-conferencing-devices-dubai-uae,"Logitech Video Conferencing Devices, Logitech Video Conferencing Devices Dubai, Logitech Video Conferencing Devices UAE, Logitech Video Conferencing Devices Dubai UAE, Best Logitech Video Conferencing Devices Company in Dubai"
/yealink-video-conferencing-devices-dubai-uae,"Yealink Video Conferencing Devices, Yealink Video Conferencing Devices Dubai, Yealink Video Conferencing Devices UAE, Yealink Video Conferencing Devices Dubai UAE, Best Yealink Video Conferencing Devices Company in Dubai"
/manual-retractable-monitor-solutions-dubai-uae,"Manual & Retractable Monitor Solutions, Manual & Retractable Monitor Solutions Dubai, Manual & Retractable Monitor Solutions UAE, Manual & Retractable Monitor Solutions Dubai UAE, Best Manual & Retractable Monitor Solutions Company in Dubai"
/video-conferencing-solutions-dubai-uae,"Video Conferencing Solutions, Video Conferencing Solutions Dubai, Video Conferencing Solutions UAE, Video Conferencing Solutions Dubai UAE, Best Video Conferencing Solutions Company in Dubai"
/meeting-room-scheduling-dubai-uae,"Meeting Room Schedulers, Meeting Room Schedulers Dubai, Meeting Room Schedulers UAE, Meeting Room Schedulers Dubai UAE, Best Meeting Room Schedulers Company in Dubai"
/anti-spoofing-and-impersonation-solution-dubai-uae,"Anti Spoofing and Impersonation Solution, Anti Spoofing and Impersonation Solution Dubai, Anti Spoofing and Impersonation Solution UAE, Anti Spoofing and Impersonation Solution Dubai UAE, Best Anti Spoofing and Impersonation Solution Company in Dubai"
/intelligent-threat-detection-dubai-uae,"Intelligent Threat Detection, Intelligent Threat Detection Dubai, Intelligent Threat Detection UAE, Intelligent Threat Detection Dubai UAE, Best Intelligent Threat Detection Company in Dubai"
/soar-solution-dubai-uae,"SOAR Solution, SOAR Solution Dubai, SOAR Solution UAE, SOAR Solution Dubai UAE, Best SOAR Solution Company in Dubai"
/siem-solution-dubai-uae,"SIEM Solution, SIEM Solution Dubai, SIEM Solution UAE, SIEM Solution Dubai UAE, Best SIEM Solution Company in Dubai"
/sase-solution-dubai-uae,"SASE Solution, SASE Solution Dubai, SASE Solution UAE, SASE Solution Dubai UAE, Best SASE Solution Company in Dubai"
/pam-pim-solutions-dubai-uae,"PAM / PIM Solutions, PAM / PIM Solutions Dubai, PAM / PIM Solutions UAE, PAM / PIM Solutions Dubai UAE, Best PAM / PIM Solutions Company in Dubai"
/mobile-device-management-dubai-uae,"Mobile Device Management, Mobile Device Management Dubai, Mobile Device Management UAE, Mobile Device Management Dubai UAE, Best Mobile Device Management Company in Dubai"
/employee-monitoring-dubai-uae,"Employee Monitoring, Employee Monitoring Dubai, Employee Monitoring UAE, Employee Monitoring Dubai UAE, Best Employee Monitoring Company in Dubai"
/web-application-firewall-waf-dubai-uae,"Web Application Firewall (WAF), Web Application Firewall (WAF) Dubai, Web Application Firewall (WAF) UAE, Web Application Firewall (WAF) Dubai UAE, Best Web Application Firewall (WAF) Company in Dubai"
/secure-email-smime-dubai-uae,"Secure Email (S/MIME), Secure Email (S/MIME) Dubai, Secure Email (S/MIME) UAE, Secure Email (S/MIME) Dubai UAE, Best Secure Email (S/MIME) Company in Dubai"
/managed-security-services-dubai-uae,"Managed Security Services, Managed Security Services Dubai, Managed Security Services UAE, Managed Security Services Dubai UAE, Best Managed Security Services Company in Dubai"
/cloud-and-network-security-dubai-uae,"Cloud and Network Security, Cloud and Network Security Dubai, Cloud and Network Security UAE, Cloud and Network Security Dubai UAE, Best Cloud and Network Security Company in Dubai"
/vulnerability-assessment-and-penetration-testing-dubai-uae,"Vulnerability Assessment And Penetration Testing, Vulnerability Assessment And Penetration Testing Dubai, Vulnerability Assessment And Penetration Testing UAE, Vulnerability Assessment And Penetration Testing Dubai UAE, Best Vulnerability Assessment And Penetration Testing Company in Dubai"
/security-operations-center-soc-dubai-uae,"Security Operations Center (SOC), Security Operations Center (SOC) Dubai, Security Operations Center (SOC) UAE, Security Operations Center (SOC) Dubai UAE, Best Security Operations Center (SOC) Company in Dubai"
/cyber-security-dubai-uae,"Cyber Security, Cyber Security Dubai, Cyber Security UAE, Cyber Security Dubai UAE, Best Cyber Security Company in Dubai"
/seo-dubai-uae,"Seo, Seo Dubai, Seo UAE, Seo Dubai UAE, Best Seo Company in Dubai"
/technology-partners,"Technology Partners, IT Technology Partners Dubai, CODE3 Technology Partners, IT Vendor Partnerships UAE, Certified IT Partners Dubai"
/industries-we-serve,"Industries We Serve, IT Solutions by Industry, IT Services for Business Dubai, Industry-Specific IT Solutions UAE, Sector IT Solutions Dubai"
/server-dubai-uae,"Servers, Servers Dubai, Servers UAE, Servers Dubai UAE, Best Servers Company in Dubai"
/desktop-computers-dubai-uae,"Desktop Computers, Desktop Computers Dubai, Desktop Computers UAE, Desktop Computers Dubai UAE, Best Desktop Computers Company in Dubai"
/business-laptops-dubai-uae,"Business Laptops, Business Laptops Dubai, Business Laptops UAE, Business Laptops Dubai UAE, Best Business Laptops Company in Dubai"
/workstations-dubai-uae,"Workstations, Workstations Dubai, Workstations UAE, Workstations Dubai UAE, Best Workstations Company in Dubai"
/printers-dubai-uae,"Printers, Printers Dubai, Printers UAE, Printers Dubai UAE, Best Printers Company in Dubai"
/ups-systems-dubai-uae,"UPS Systems, UPS Systems Dubai, UPS Systems UAE, UPS Systems Dubai UAE, Best UPS Systems Company in Dubai"
/routers-dubai-uae,"Routers, Routers Dubai, Routers UAE, Routers Dubai UAE, Best Routers Company in Dubai"
/switches-dubai-uae,"Switches, Switches Dubai, Switches UAE, Switches Dubai UAE, Best Switches Company in Dubai"
/firewalls-dubai-uae,"Firewalls, Firewalls Dubai, Firewalls UAE, Firewalls Dubai UAE, Best Firewalls Company in Dubai"
/wireless-access-points-dubai-uae,"Wireless Access Points, Wireless Access Points Dubai, Wireless Access Points UAE, Wireless Access Points Dubai UAE, Best Wireless Access Points Company in Dubai"
/network-cabinets-dubai-uae,"Network Cabinets, Network Cabinets Dubai, Network Cabinets UAE, Network Cabinets Dubai UAE, Best Network Cabinets Company in Dubai"
/microsoft-licensing-dubai-uae,"Microsoft Licensing, Microsoft Licensing Dubai, Microsoft Licensing UAE, Microsoft Licensing Dubai UAE, Best Microsoft Licensing Company in Dubai"
/adobe-licensing-dubai-uae,"Adobe Licensing, Adobe Licensing Dubai, Adobe Licensing UAE, Adobe Licensing Dubai UAE, Best Adobe Licensing Company in Dubai"
/antivirus-licensing-dubai-uae,"Antivirus Licensing, Antivirus Licensing Dubai, Antivirus Licensing UAE, Antivirus Licensing Dubai UAE, Best Antivirus Licensing Company in Dubai"
/windows-licensing-dubai-uae,"Windows Licensing, Windows Licensing Dubai, Windows Licensing UAE, Windows Licensing Dubai UAE, Best Windows Licensing Company in Dubai"
/server-licensing-dubai-uae,"Server Licensing, Server Licensing Dubai, Server Licensing UAE, Server Licensing Dubai UAE, Best Server Licensing Company in Dubai"
/hardware-and-software-services-dubai-uae,"Hardware and Software Services, Hardware and Software Services Dubai, Hardware and Software Services UAE, Hardware and Software Services Dubai UAE, Best Hardware and Software Services Company in Dubai"
/it-consulting-dubai-uae,"IT Consulting, IT Consulting Dubai, IT Consulting UAE, IT Consulting Dubai UAE, Best IT Consulting Company in Dubai"
/digital-transformation-dubai-uae,"Digital Transformation, Digital Transformation Dubai, Digital Transformation UAE, Digital Transformation Dubai UAE, Best Digital Transformation Company in Dubai"
/infrastructure-assessment-dubai-uae,"Infrastructure Assessment, Infrastructure Assessment Dubai, Infrastructure Assessment UAE, Infrastructure Assessment Dubai UAE, Best Infrastructure Assessment Company in Dubai"
/cloud-readiness-assessment-dubai-uae,"Cloud Readiness Assessment, Cloud Readiness Assessment Dubai, Cloud Readiness Assessment UAE, Cloud Readiness Assessment Dubai UAE, Best Cloud Readiness Assessment Company in Dubai"
/security-assessment-dubai-uae,"Security Assessment, Security Assessment Dubai, Security Assessment UAE, Security Assessment Dubai UAE, Best Security Assessment Company in Dubai"
/site-survey-dubai-uae,"Site Survey, Site Survey Dubai, Site Survey UAE, Site Survey Dubai UAE, Best Site Survey Company in Dubai"
/solution-design-dubai-uae,"Solution Design, Solution Design Dubai, Solution Design UAE, Solution Design Dubai UAE, Best Solution Design Company in Dubai"
/installation-dubai-uae,"Installation, Installation Dubai, Installation UAE, Installation Dubai UAE, Best Installation Company in Dubai"
/configuration-dubai-uae,"Configuration, Configuration Dubai, Configuration UAE, Configuration Dubai UAE, Best Configuration Company in Dubai"
/migration-dubai-uae,"Migration, Migration Dubai, Migration UAE, Migration Dubai UAE, Best Migration Company in Dubai"
/commissioning-dubai-uae,"Commissioning, Commissioning Dubai, Commissioning UAE, Commissioning Dubai UAE, Best Commissioning Company in Dubai"
/user-training-dubai-uae,"User Training, User Training Dubai, User Training UAE, User Training Dubai UAE, Best User Training Company in Dubai"
/administrator-training-dubai-uae,"Administrator Training, Administrator Training Dubai, Administrator Training UAE, Administrator Training Dubai UAE, Best Administrator Training Company in Dubai"
/documentation-dubai-uae,"Documentation, Documentation Dubai, Documentation UAE, Documentation Dubai UAE, Best Documentation Company in Dubai"
/knowledge-transfer-dubai-uae,"Knowledge Transfer, Knowledge Transfer Dubai, Knowledge Transfer UAE, Knowledge Transfer Dubai UAE, Best Knowledge Transfer Company in Dubai"
/professional-services-dubai-uae,"Professional Services, Professional Services Dubai, Professional Services UAE, Professional Services Dubai UAE, Best Professional Services Company in Dubai"
/microsoft-365-dubai-uae,"Microsoft 365, Microsoft 365 Dubai, Microsoft 365 UAE, Microsoft 365 Dubai UAE, Best Microsoft 365 Company in Dubai"
/microsoft-copilot-dubai-uae,"Microsoft Copilot, Microsoft Copilot Dubai, Microsoft Copilot UAE, Microsoft Copilot Dubai UAE, Best Microsoft Copilot Company in Dubai"
/microsoft-sharepoint-dubai-uae,"Microsoft SharePoint, Microsoft SharePoint Dubai, Microsoft SharePoint UAE, Microsoft SharePoint Dubai UAE, Best Microsoft SharePoint Company in Dubai"
/security-consultation-dubai-uae,"Security Consultation, Security Consultation Dubai, Security Consultation UAE, Security Consultation Dubai UAE, Best Security Consultation Company in Dubai"
/microsoft-365-migration-dubai-uae,"Microsoft 365 Migration, Microsoft 365 Migration Dubai, Microsoft 365 Migration UAE, Microsoft 365 Migration Dubai UAE, Best Microsoft 365 Migration Company in Dubai"
/microsoft-azure-dubai-uae,"Microsoft Azure, Microsoft Azure Dubai, Microsoft Azure UAE, Microsoft Azure Dubai UAE, Best Microsoft Azure Company in Dubai"
/aws-cloud-dubai-uae,"AWS Cloud, AWS Cloud Dubai, AWS Cloud UAE, AWS Cloud Dubai UAE, Best AWS Cloud Company in Dubai"
/cloud-migration-dubai-uae,"Cloud Migration, Cloud Migration Dubai, Cloud Migration UAE, Cloud Migration Dubai UAE, Best Cloud Migration Company in Dubai"
/cloud-backup-solutions-dubai-uae,"Cloud Backup, Cloud Backup Dubai, Cloud Backup UAE, Cloud Backup Dubai UAE, Best Cloud Backup Company in Dubai"
/disaster-recovery-dubai-uae,"Disaster Recovery, Disaster Recovery Dubai, Disaster Recovery UAE, Disaster Recovery Dubai UAE, Best Disaster Recovery Company in Dubai"
/cloud-security-dubai-uae,"Cloud Security, Cloud Security Dubai, Cloud Security UAE, Cloud Security Dubai UAE, Best Cloud Security Company in Dubai"
/google-cloud-dubai-uae,"Google Cloud, Google Cloud Dubai, Google Cloud UAE, Google Cloud Dubai UAE, Best Google Cloud Company in Dubai"
/cloud-and-microsoft-solutions-dubai-uae,"Cloud and Microsoft Solutions, Cloud and Microsoft Solutions Dubai, Cloud and Microsoft Solutions UAE, Cloud and Microsoft Solutions Dubai UAE, Best Cloud and Microsoft Solutions Company in Dubai"
/ip-telephony-dubai-uae,"IP Telephony, IP Telephony Dubai, IP Telephony UAE, IP Telephony Dubai UAE, Best IP Telephony Company in Dubai"
/voip-solutions-dubai-uae,"VOIP Solutions, VOIP Solutions Dubai, VOIP Solutions UAE, VOIP Solutions Dubai UAE, Best VOIP Solutions Company in Dubai"
/cloud-pbx-dubai-uae,"Cloud PBX, Cloud PBX Dubai, Cloud PBX UAE, Cloud PBX Dubai UAE, Best Cloud PBX Company in Dubai"
/conference-phones-dubai-uae,"Conference Phones, Conference Phones Dubai, Conference Phones UAE, Conference Phones Dubai UAE, Best Conference Phones Company in Dubai"
/call-center-solutions-dubai-uae,"Call Center Solutions, Call Center Solutions Dubai, Call Center Solutions UAE, Call Center Solutions Dubai UAE, Best Call Center Solutions Company in Dubai"
/contact-center-solutions-dubai-uae,"Contact Center Solutions, Contact Center Solutions Dubai, Contact Center Solutions UAE, Contact Center Solutions Dubai UAE, Best Contact Center Solutions Company in Dubai"
/call-recording-and-ivr-dubai-uae,"Call Recording and IVR, Call Recording and IVR Dubai, Call Recording and IVR UAE, Call Recording and IVR Dubai UAE, Best Call Recording and IVR Company in Dubai"
/collaboration-displays-dubai-uae,"Collaboration Displays, Collaboration Displays Dubai, Collaboration Displays UAE, Collaboration Displays Dubai UAE, Best Collaboration Displays Company in Dubai"
/unified-communication-dubai-uae,"Unified Communication, Unified Communication Dubai, Unified Communication UAE, Unified Communication Dubai UAE, Best Unified Communication Company in Dubai"
/lan-and-wan-dubai-uae,"LAN and WAN, LAN and WAN Dubai, LAN and WAN UAE, LAN and WAN Dubai UAE, Best LAN and WAN Company in Dubai"
/vpn-dubai-uae,"VPN, VPN Dubai, VPN UAE, VPN Dubai UAE, Best VPN Company in Dubai"
/enterprise-wi-fi-dubai-uae,"Enterprise Wi-fi, Enterprise Wi-fi Dubai, Enterprise Wi-fi UAE, Enterprise Wi-fi Dubai UAE, Best Enterprise Wi-fi Company in Dubai"
/network-optimization-dubai-uae,"Network Optimization, Network Optimization Dubai, Network Optimization UAE, Network Optimization Dubai UAE, Best Network Optimization Company in Dubai"
/internet-load-balancing-dubai-uae,"Internet Load Balancing, Internet Load Balancing Dubai, Internet Load Balancing UAE, Internet Load Balancing Dubai UAE, Best Internet Load Balancing Company in Dubai"
/cat6cat6a-cabling-dubai-uae,"Cat6/Cat6A Cabling, Cat6/Cat6A Cabling Dubai, Cat6/Cat6A Cabling UAE, Cat6/Cat6A Cabling Dubai UAE, Best Cat6/Cat6A Cabling Company in Dubai"
/fiber-optic-cabling-dubai-uae,"Fiber Optic Cabling, Fiber Optic Cabling Dubai, Fiber Optic Cabling UAE, Fiber Optic Cabling Dubai UAE, Best Fiber Optic Cabling Company in Dubai"
/network-rack-installation-dubai-uae,"Network Rack Installation, Network Rack Installation Dubai, Network Rack Installation UAE, Network Rack Installation Dubai UAE, Best Network Rack Installation Company in Dubai"
/data-center-cabling-dubai-uae,"Data Center Cabling, Data Center Cabling Dubai, Data Center Cabling UAE, Data Center Cabling Dubai UAE, Best Data Center Cabling Company in Dubai"
/network-monitoring-dubai-uae,"Network Monitoring, Network Monitoring Dubai, Network Monitoring UAE, Network Monitoring Dubai UAE, Best Network Monitoring Company in Dubai"
/network-infrastructure-dubai-uae,"Network Infrastructure, Network Infrastructure Dubai, Network Infrastructure UAE, Network Infrastructure Dubai UAE, Best Network Infrastructure Company in Dubai"
/server-installation-dubai-uae,"Server Installation, Server Installation Dubai, Server Installation UAE, Server Installation Dubai UAE, Best Server Installation Company in Dubai"
/nas-storage-dubai-uae,"NAS Storage, NAS Storage Dubai, NAS Storage UAE, NAS Storage Dubai UAE, Best NAS Storage Company in Dubai"
/san-storage-dubai-uae,"SAN Storage, SAN Storage Dubai, SAN Storage UAE, SAN Storage Dubai UAE, Best SAN Storage Company in Dubai"
/vmware-dubai-uae,"VMware, VMware Dubai, VMware UAE, VMware Dubai UAE, Best VMware Company in Dubai"
/hyper-v-dubai-uae,"Hyper V, Hyper V Dubai, Hyper V UAE, Hyper V Dubai UAE, Best Hyper V Company in Dubai"
/virtual-machines-dubai-uae,"Virtual Machines, Virtual Machines Dubai, Virtual Machines UAE, Virtual Machines Dubai UAE, Best Virtual Machines Company in Dubai"
/server-rack-installation-dubai-uae,"Server Rack Installation, Server Rack Installation Dubai, Server Rack Installation UAE, Server Rack Installation Dubai UAE, Best Server Rack Installation Company in Dubai"
/environmental-monitoring-dubai-uae,"Environmental Monitoring, Environmental Monitoring Dubai, Environmental Monitoring UAE, Environmental Monitoring Dubai UAE, Best Environmental Monitoring Company in Dubai"
/cloud-backup-dubai-uae,"Cloud Backup, Cloud Backup Dubai, Cloud Backup UAE, Cloud Backup Dubai UAE, Best Cloud Backup Company in Dubai"
/local-backup-dubai-uae,"Local Backup, Local Backup Dubai, Local Backup UAE, Local Backup Dubai UAE, Best Local Backup Company in Dubai"
/hybrid-backup-dubai-uae,"Hybrid Backup, Hybrid Backup Dubai, Hybrid Backup UAE, Hybrid Backup Dubai UAE, Best Hybrid Backup Company in Dubai"
/disaster-recovery-planning-dubai-uae,"Disaster Recovery Planning, Disaster Recovery Planning Dubai, Disaster Recovery Planning UAE, Disaster Recovery Planning Dubai UAE, Best Disaster Recovery Planning Company in Dubai"
/data-recovery-dubai-uae,"Data Recovery, Data Recovery Dubai, Data Recovery UAE, Data Recovery Dubai UAE, Best Data Recovery Company in Dubai"
/ransom-recovery-dubai-uae,"Ransom Recovery, Ransom Recovery Dubai, Ransom Recovery UAE, Ransom Recovery Dubai UAE, Best Ransom Recovery Company in Dubai"
/business-continuity-dubai-uae,"Business Continuity, Business Continuity Dubai, Business Continuity UAE, Business Continuity Dubai UAE, Best Business Continuity Company in Dubai"
/ai-cameras-dubai-uae,"AI Cameras, AI Cameras Dubai, AI Cameras UAE, AI Cameras Dubai UAE, Best AI Cameras Company in Dubai"
/access-control-and-bio-metric-attendance-system-dubai-uae,"Access Control and Bio-metric attendance System, Access Control and Bio-metric attendance System Dubai, Access Control and Bio-metric attendance System UAE, Access Control and Bio-metric attendance System Dubai UAE, Best Access Control and Bio-metric attendance System Company in Dubai"
/gate-barrier-and-automations-dubai-uae,"Gate Barrier and Automations, Gate Barrier and Automations Dubai, Gate Barrier and Automations UAE, Gate Barrier and Automations Dubai UAE, Best Gate Barrier and Automations Company in Dubai"
/intercom-systems-dubai-uae,"Intercom Systems, Intercom Systems Dubai, Intercom Systems UAE, Intercom Systems Dubai UAE, Best Intercom Systems Company in Dubai"
/visitor-management-system-dubai-uae,"Visitor Management System, Visitor Management System Dubai, Visitor Management System UAE, Visitor Management System Dubai UAE, Best Visitor Management System Company in Dubai"
/anpr-systems-dubai-uae,"ANPR Systems, ANPR Systems Dubai, ANPR Systems UAE, ANPR Systems Dubai UAE, Best ANPR Systems Company in Dubai"
/boardroom-solutions-dubai-uae,"Boardroom Solutions, Boardroom Solutions Dubai, Boardroom Solutions UAE, Boardroom Solutions Dubai UAE, Best Boardroom Solutions Company in Dubai"
/meeting-room-solutions-dubai-uae,"Meeting Room Solutions, Meeting Room Solutions Dubai, Meeting Room Solutions UAE, Meeting Room Solutions Dubai UAE, Best Meeting Room Solutions Company in Dubai"
/interactive-displays-dubai-uae,"Interactive Displays, Interactive Displays Dubai, Interactive Displays UAE, Interactive Displays Dubai UAE, Best Interactive Displays Company in Dubai"
/digital-signage-dubai-uae,"Digital Signage, Digital Signage Dubai, Digital Signage UAE, Digital Signage Dubai UAE, Best Digital Signage Company in Dubai"
/casting-solutions-dubai-uae,"Casting Solutions, Casting Solutions Dubai, Casting Solutions UAE, Casting Solutions Dubai UAE, Best Casting Solutions Company in Dubai"
/smart-classroom-solutions-dubai-uae,"Smart Classroom Solutions, Smart Classroom Solutions Dubai, Smart Classroom Solutions UAE, Smart Classroom Solutions Dubai UAE, Best Smart Classroom Solutions Company in Dubai"
/video-walls-dubai-uae,"Video Walls, Video Walls Dubai, Video Walls UAE, Video Walls Dubai UAE, Best Video Walls Company in Dubai"
/cctv-installations-dubai-uae,"CCTV Installations, CCTV Installations Dubai, CCTV Installations UAE, CCTV Installations Dubai UAE, Best CCTV Installations Company in Dubai"
/projectors-dubai-uae,"Projectors, Projectors Dubai, Projectors UAE, Projectors Dubai UAE, Best Projectors Company in Dubai"
/public-addresspa-solutions-dubai-uae,"Public address (PA) Solutions, Public address (PA) Solutions Dubai, Public address (PA) Solutions UAE, Public address (PA) Solutions Dubai UAE, Best Public address (PA) Solutions Company in Dubai"
/background-music-dubai-uae,"Background Music, Background Music Dubai, Background Music UAE, Background Music Dubai UAE, Best Background Music Company in Dubai"
/auditorium-solutions-dubai-uae,"Auditorium Solutions, Auditorium Solutions Dubai, Auditorium Solutions UAE, Auditorium Solutions Dubai UAE, Best Auditorium Solutions Company in Dubai"
/multi-room-audio-dubai-uae,"Multi-room Audio, Multi-room Audio Dubai, Multi-room Audio UAE, Multi-room Audio Dubai UAE, Best Multi-room Audio Company in Dubai"
/speaker-system-dubai-uae,"Speaker System, Speaker System Dubai, Speaker System UAE, Speaker System Dubai UAE, Best Speaker System Company in Dubai"
/av-consultation-dubai-uae,"AV Consultation, AV Consultation Dubai, AV Consultation UAE, AV Consultation Dubai UAE, Best AV Consultation Company in Dubai"
/av-programming-dubai-uae,"AV Programming, AV Programming Dubai, AV Programming UAE, AV Programming Dubai UAE, Best AV Programming Company in Dubai"
/av-design-services-dubai-uae,"AV Design Services, AV Design Services Dubai, AV Design Services UAE, AV Design Services Dubai UAE, Best AV Design Services Company in Dubai"
/smart-building-solutions-dubai-uae,"Smart Building Solutions, Smart Building Solutions Dubai, Smart Building Solutions UAE, Smart Building Solutions Dubai UAE, Best Smart Building Solutions Company in Dubai"
/it-relocation-dubai-uae,"IT Relocation, IT Relocation Dubai, IT Relocation UAE, IT Relocation Dubai UAE, Best IT Relocation Company in Dubai"
/it-asset-management-dubai-uae,"IT Asset Management, IT Asset Management Dubai, IT Asset Management UAE, IT Asset Management Dubai UAE, Best IT Asset Management Company in Dubai"
/data-recovery-services-dubai-uae,"Data Recovery, Data Recovery Dubai, Data Recovery UAE, Data Recovery Dubai UAE, Best Data Recovery Company in Dubai"
/desktop--endpoint-management-dubai-uae,"Desktop Support, Desktop Support Dubai, Desktop Support UAE, Desktop Support Dubai UAE, Best Desktop Support Company in Dubai"
/new-office-it-setup-dubai-uae,"New Office IT Setup, New Office IT Setup Dubai, New Office IT Setup UAE, New Office IT Setup Dubai UAE, Best New Office IT Setup Company in Dubai"
/remote-support-dubai-uae,"Remote Support, Remote Support Dubai, Remote Support UAE, Remote Support Dubai UAE, Best Remote Support Company in Dubai"
/it-outsourcing-dubai-uae,"IT Outsourcing, IT Outsourcing Dubai, IT Outsourcing UAE, IT Outsourcing Dubai UAE, Best IT Outsourcing Company in Dubai"
/on-call-it-support-dubai-uae,"On-Call IT Support, On-Call IT Support Dubai, On-Call IT Support UAE, On-Call IT Support Dubai UAE, Best On-Call IT Support Company in Dubai"
/it-amc-dubai-uae,"IT AMC Services, IT AMC Services Dubai, IT AMC Services UAE, IT AMC Services Dubai UAE, Best IT AMC Services Company in Dubai"
/compliance-solutions,"Compliance Solutions, IT Compliance Dubai, Regulatory Compliance UAE, IT Compliance Management, Compliance Automation Dubai"
/cloud-backup-and-disaster-recovery,"Cloud Backup and Disaster Recovery, Disaster Recovery Dubai, Cloud Backup UAE, Business Continuity Dubai, Data Backup Solutions UAE"
/data-loss-prevention-dlp-dubai-uae,"Data Loss Prevention (DLP), Data Loss Prevention (DLP) Dubai, Data Loss Prevention (DLP) UAE, Data Loss Prevention (DLP) Dubai UAE, Best Data Loss Prevention (DLP) Company in Dubai"
/next-gen-firewalls,"Next-Gen Firewalls, Next Generation Firewall Dubai, NGFW UAE, Firewall Solutions Dubai, Network Security Firewall UAE"
/endpoint-security-dubai-uae,"Endpoint Security, Endpoint Security Dubai, Endpoint Security UAE, Endpoint Security Dubai UAE, Best Endpoint Security Company in Dubai"
/email-security-dubai-uae,"Email Security, Email Security Dubai, Email Security UAE, Email Security Dubai UAE, Best Email Security Company in Dubai"
/preventive-maintenance-and-system-health-checks,"Preventive IT Maintenance, System Health Checks Dubai, IT Maintenance Services UAE, Preventive Maintenance Dubai, IT System Monitoring UAE"
/remote-on-site-it-support,"24/7 IT Support, Remote IT Support Dubai, On-Site IT Support UAE, IT Helpdesk Dubai, IT Support Services UAE"
/it-consulting-and-advisory,"IT Consulting, IT Advisory Services Dubai, IT Strategy Consulting UAE, Technology Consulting Dubai, IT Consultancy UAE"
/it-relocation-and-office-setup,"IT Relocation, Office IT Setup Dubai, IT Office Relocation UAE, New Office IT Setup Dubai, IT Relocation Services UAE"
/desktop-as-a-service-daas,"Desktop as a Service, DaaS Dubai, Virtual Desktop UAE, Cloud Desktop Solutions Dubai, DaaS Provider UAE"
/microsoft-365-and-collaboration-tools,"Microsoft 365, Microsoft 365 Dubai, Collaboration Tools UAE, M365 Setup Dubai, Microsoft 365 Support UAE"
/cloud-migration-and-hosting,"Cloud Migration, Cloud Hosting Dubai, Cloud Migration Services UAE, Cloud Solutions Dubai, Cloud Hosting Provider UAE"
/structured-cabling-and-networking,"Structured Cabling, Network Cabling Dubai, Structured Cabling UAE, Data Cabling Dubai, Networking Solutions UAE"
/cctv-surveillance,"CCTV Surveillance, CCTV Installation Dubai, Security Cameras UAE, CCTV Systems Dubai, Video Surveillance UAE"
/brand-identity-and-design-dubai-uae,"Brand Identity and Design, Brand Identity and Design Dubai, Brand Identity and Design UAE, Brand Identity and Design Dubai UAE, Best Brand Identity and Design Company in Dubai"
/ui-ux-design-dubai-uae,"UI/UX Design, UI/UX Design Dubai, UI/UX Design UAE, UI/UX Design Dubai UAE, Best UI/UX Design Company in Dubai"
/mobile-app-development-dubai-uae,"Mobile App Development, Mobile App Development Dubai, Mobile App Development UAE, Mobile App Development Dubai UAE, Best Mobile App Development Company in Dubai"
/web-development-dubai-uae,"Web Development, Web Development Dubai, Web Development UAE, Web Development Dubai UAE, Best Web Development Company in Dubai"
/managed-it-service-dubai-uae,"Managed IT Service, Managed IT Service Dubai, Managed IT Service UAE, Managed IT Service Dubai UAE, Best Managed IT Service Company in Dubai"
/it-infrastructure-service-dubai-uae,"IT Infrastructure Service, IT Infrastructure Service Dubai, IT Infrastructure Service UAE, IT Infrastructure Service Dubai UAE, Best IT Infrastructure Service Company in Dubai"
/backup-and-business-continuity-dubai-uae,"Backup and Business Continuity, Backup and Business Continuity Dubai, Backup and Business Continuity UAE, Backup and Business Continuity Dubai UAE, Best Backup and Business Continuity Company in Dubai"
/security--surveillance-solutions-dubai-uae,"Security & Surveillance Solutions, Security & Surveillance Solutions Dubai, Security & Surveillance Solutions UAE, Security & Surveillance Solutions Dubai UAE, Best Security & Surveillance Solutions Company in Dubai"
/audio-visual-av-solutions-dubai-uae,"Audio Visual (AV) Solutions, Audio Visual (AV) Solutions Dubai, Audio Visual (AV) Solutions UAE, Audio Visual (AV) Solutions Dubai UAE, Best Audio Visual (AV) Solutions Company in Dubai"
/blogs,"IT Blog, Technology Insights Dubai, IT News UAE, Cybersecurity Blog Dubai, Digital Solutions Blog UAE"
/services,"IT Services Dubai, Digital Solutions UAE, IT Infrastructure Services, Cybersecurity Services Dubai, Cloud Services UAE"
/careers,"Careers CODE3, IT Jobs Dubai, Technology Careers UAE, Join CODE3, IT Careers Dubai"
/about-us,"About CODE3, IT Company Dubai, About CODE3 Technologies, Trusted IT Partner UAE, CODE3 Technologies UAE"
/home,"IT Solutions Dubai, IT Company UAE, Managed IT Services Dubai, Cybersecurity Dubai, IT Infrastructure UAE"
/contact,"Contact CODE3, IT Support Contact Dubai, CODE3 Technologies Contact, IT Company Dubai Contact, Get IT Support UAE"
